text,labels,fuel_type,year
"De uitworp van zwaveldioxide (SO2) door het verstoken van fossiele brandstoffen (olie, kolen en gas) is vorig jaar met 10 procent gedaald ten opzichte van 1988. De uitworp van stikstofoxiden (NOx) nam met 3 procent af.",2,gas,1990s
"Niets aan te doen, zegt British Coal: de kolen zijn voor de elektriciteitsmaatschappijen te duur, gas is goedkoper en we zitten al met enorme onverkoopbare voorraden. Toch zullen sociale spanningen niet uitblijven. Zulke historisch noodzakelijke transformaties dienen ook wel wat zorgvuldiger tot stand te worden gebracht.",0,gas,1990s
"DEN HAAG (GPD) - Het ministerie van economische zaken besteedt dit jaar circa ƒ 60 miljoen aan kernenergie-onderzoek. Dat is meer dan aan onderzoek naar duurzame energie (zon, wind en water) of naar energie uit steenkool, olie of gas. Alleen aan onderzoek naar energiebesparingsmogelijkheden wordt meer geld uitgegeven (/ 73 miljoen). De totale uitfaven voor energie-onderzoek in 992 bedragen f 180 miljoen, zo blijkt uit antwoorden van minister Koos Andriessen van economomische zaken op vragen uit de Tweede Kamer.",0,gas,1990s
"MUNCHEN (AP) - De grote Duitse elektriciteitsmaatschappijen VEBA en RWE willen kernenergie op den duur vaarwel zeggen en geen brandstof staven meer opwerken. Dat heeft de SUddeutsche Zeitung vandaag gemeld. Volgens de krant hebben de maatschappijen bondskanselier Helmut Konl in een brief op de hoogte gebracht. Als de huidige kerncentrales over een aantal jaren moeten worden gesloten, zouden zij moeten worden vervangen door kolen- en fascentrales, aldus de directies. Zij evelen wel aan het onderzoek naar veilige kernenergie voort te zetten.",0,gas,1990s
"Dit jaar is het precies 200 jaar geleden dat voor het eerst gasverlichting in een huis werd toegepast. Het was een Schotse ingenieur, William Murdoch, die zijn huis in Cornwall verlichtte met gas, dat hij uit steenkool verkregen had. Het woord 'gas' is in 1610 bedacht door onze landgenoot Johannes van Helmont en is afgeleid van het Griekse woord 'chaos. Tot het midden van de jaren zestig werd voor verlichting meestal gas afkomstig uit steenkolen gebruikt. Dit gas, een mengsel van waterstof en methaan, werd verkregen door steenkolen in een retort te verhitten. Om te voorkomen dat de steenkool verbrandt, gebeurt dit zonder lucht. Het was de Engelsman John Clayton, die deze methode van gaswinning uitvond. Hoewel 'de vader van de gasindustrie', zoals hij wel genoemd wordt, zijn uitvinding in 1684 deed, vond praktische toepassing ervan pas honderd jaar later plaats. Murdoch was niet de eerste die gasverlichting toepaste. Dat was Jan Minkeler, een hoogleraar in Luik. Hij verlichtte zijn collegezaal ermee. Het belang van Murdoch's toepassing bestond hierin, dat hij steenkoolgas voor huizen toepasbaar maakte. In de 19e eeuw verrezen gasfabrieken als paddestoelen uit de grond. Gasverlichting maakte het mogelijk langer te werken en dat was in de jaren van de industriële revolutie van groot belang. Voor de arbeiders werden de toch al lange werkdagen nog langer. Gas maken was een smerige baan en niet zonder gevaar. Veel arbeiders in gasfabrieken stierven aan bronchitis, longontsteking en kanker. Het gas dat we heden ten dage gebruiken, is aardgas. Dit gas geeft tweemaal zoveel warmte als steenkoolgas, is niet giftig en heeft geen reuk. Om veiligheidsredenen is een geurtje toege-",2,gas,1990s
In het binnenland daalde het verbruik met name door de toegenomen inzet van kolen in elektriciteitscentrales. Kleinverbruikers en de glastuinbouw namen wel iets meer af. De totaal in kaart gebrachte voorraad gas onder de Nederlandse bodem bedraagt nu 2500 miljard kubieke meter en dat is meer dan ooit in de geschiedenis van de Gasunie.,1,gas,1990s
"Het verbranden van biomassa, van hout, mest en landbouwafval in vooral de ontwikelingslanden kwam onlangs ook aan de orde in een artikel van de Duitse atmosfeer-chemici Paul Crutzen en Meinrat Andreae in Science (21-12-'9O). Zij schatten de hoeveelheid koolstof die jaalijks via deze biomassa verbrand wordt, op zon twee tot vijf miljard ton. De koolstofverbindingen en rookgassen die op deze manier in de atmosfeer terecht komen, zorgen voor ongewenste effecten op zowel locale als globale schaal. Energie voor en ontwikkeling van het derde platteland. Om dit te bereiken is het erg belangrijk dat er mensen uit de landen zelf opgeleid worden. In de afgelopen acht jaar is er een samenwerking geweest tussen het ITC en de Universiteit Twente, waarbij ongeveer 300 mensen uit ontwikkelingslanden vertrouwd gemaakt werden met de verschillende facetten van plattelandsenergie. Met het gasthoogleraarschap van prof. Hulscher aan het ITC is deze samenwerking nog hechter geworden. „Energie voor het platteland in de Derde Wereld is van belang voor ons allemaal,"" aldus Hulscher.",1,gas,1990s
"Ruinaard: „Die opbrengst is absoluut economisch rendabel om te worden gebruikt als brandstof voor een energiecentrale. En die rentabiliteit neemt alleen nog maar toe naarmate de prijzen van gas, olie en kolen blijven stijgen. En dat laatste is onderhand natuurlijk een hard gegeven.""",0,gas,1990s
"De gashouder in Dedemsvaart stond niet bij een gasfabriek - het produktiebedrijf stond 17 kilometer verder in Hoogeveen - en dat betekent dat er bij de deze gashouder ook geen sprake is van bodemverontreiniging. De Dedemsvaartse gashouder heeft, ook na de omschakeling op aardgas, nog zo'n dertig jaar dienst gedaan. ""Toen vond het gasbedrijf het, om reden van organisatie en kostenbesparing, tijd worden, de taak de gashouder over te laten nemen door een moderne drukregelaar. Gelukkig heeft die overschakeling niet het einde betekend van de gashouder,"" zegt het bestuur van de stichting GLAG. Enige eeuwen geleden al ontdekte men dat het mogelijk was gas te onttrekken aan steenkool. Het duurde echter nog tot de tweede helft van de 18e eeuw dat men de gebruikswaarde van dit koolgas ging inzien. In",0,gas,1990s
"Dit is het standpunt van drs. R. Mallant en J. Ybema van het Energieonderzoek Centrum Nederland ECN. Zij namen onlangs in Petten deel aan de nationale themadag over de mogelijkheden van waterstof als energiedrager. Waterstof kan volgens hen een belangrijke rol spelen als vervanger van de fossiele brandstoffen zoals steenkool, olie en aardgas, waarvan de voorraden opraken. Waterstof is op aarde in vrijwel onuitputtelijke hoeveelheden voorradig. ECN schat deze op enkele triljarden kilo's. Een triljard is een 1 met 21 nullen erachter. De overschakeling op waterstof is, zo zei Mallant van de afdeling brandstofceltechnologie, niet eenvoudig en zal zeker niet op korte termijn kunnen worden gerealiseerd. „Het zal zeker nog vijftig tot zestig jaar duren voordat er sprake kan zijn van een complete waterstofeconomie."" Dit betekent naar de mening van Mallant en Ybema, die is verbonden aan de afdeling beleidsstudies van ECN, niet",0,gas,1990s
"De Gasunie vindt dat concurrentie van gas plaats vindt met andere brandstoffen als olie en kolen. Gasunie wil transport en verkoop van gas in eigen hand houden. Dat Gasunie de spilfunctie niet misbruikt, blijkt uit het feit dat de Nederlandse gasprijzen op het niveau van de prijzen in andere landen liggen. De verschillen in West-Europa worden sterk bepaald door accijnzen en andere heffingen. De Gasunie verwacht rond 2010 een tekort op de Europese gasmarkt; dat wordt opgevangen met meer import uit Algerije (een LNG-pijp loopt naar Italië), meer gas uit Nigeria en Saoedi-Arabië en wellicht vanuit de Sovjetunie; het transport vanaf het verre Urengoi-veld is het probleem. Grotens schatte de bovenop de ramingen benodigede gashoev-heid op 150 miljard kuub. Om daarin te voorzien zijn in Europees verband investeringen tot een bedrag van 1000 miljard ecu (2,3 biljoen gulden) nodig.",2,gas,1990s
"GRONINGEN — De energiebalans van alcohol als autobrandstof is in Brazilië positief, maar in landen als de Verenigde Staten en Nederland negatief. Een negatieve energiebalans betekent dat het meer energie kost om de brandstof te maken dan het oplevert bij gebruik in de auto. Dat blijkt uit een onderzoek van Sietske de Vries, doctoraalstudente aan de Interfacultaire Vakgroep Energie en Milieukunde van de Rijksuniversiteit Groningen. Ze heeft gekeken naar de mogelijkheid om ethanol, een soort alcohol, te destilleren uit suikerriet of maïs. Over zo'n dertig jaar raakt de olie op. Bestaan er alternatieven voor benzine, die ook nog milieuvriendelijk zijn? Landbouwkringen noemen vloeibare brandstoffen als ethanol. Deze brandstoffen kunnen worden gemaakt uit energiegewassen. ""Om ethanol te maken heb je energie nodig. Ik onderscheid in mijn onderzoek drie fasen. De eerste is de landbouwfase, de groei van het energiegewas. De tweede fase is het transport van het gewas naar de fabriek waar - en dat is de derde fase - de ethanol wordt gemaakt,"" stelt De Vries. ""In elke fase zet je energie in. Behalve de energie voor het produktieproces zelf is er energie nodig om onder meer kunstmest, bestrijdingsmiddelen of machines te maken. Dat heb ik ook in mijn onderzoek meegenomen."" Ethanol kan worden gemaakt uit verschillende stoffen. Tot nu toe is er veel ervaring mee opgedaan in Brazilië. Daar is suikerrriet de grondstof. In de Verenigde Staten is maïs veel gebruikt voor ethanolproduktie. Deze twee stoffen zijn dan ook de uitgangspunten bij de berekeningen van De Vries. Deze berekeningen geven als resultaat een negatieve energiebalans voor maïs en een positieve voor suikerriet. ""Dit zegt dat energetisch gezien de produktie van ethanol uit maïs ongewenst is, want je stopt meer energie in het maken van ethanol dan je er uit krijgt,"" concludeert De Vries. De energie die wordt gebruikt bij de produktie van ethanol is veelal fossiele energie, dus olie, aardgas of kolen. De negatieve energiebalans houdt in dat deze fossiele energie beter rechtstreeks verstookt kan worden dan dat er ethanol uit gemaakt wordt. De berekeningen voor maïs gelden voor de VS. Volgens de onderzoekster pakken de berekeningen voor Nederland waarschijnlijk ongunstiger uit. Dat komt doordat hier we hier minder zon en lagere temperaturen hebben dan in de gebieden in de Verenigde Staten waar maïs wordt verbouwd. De energiebalans van het Braziliaanse suikerriet komt op een positief getal uit. In het gunstigste geval levert het proces viermaal zoveel energie voor gebruik in de auto dan er ingevoerd moet worden om de brandstof te maken. Dat komt onder meer doordat suikerriet gemakkelijker te bewerken is tot ethanol dan maïs. Ook is minder kunstmest nodig. Brazilië maakt al zestig jaar lang ethanol, dat in kleine hoeveelheden werd toegevoegd aan benzine. Als antwoord op de oliecrisis van 1973, met een verviervoudiging van de prijzen, begon de Braziliaanse regering het Proalcohol2Dprogramma. Een tweede reden hiervoor was een dieptepunt in de suikerprijs op de wereldmarkt. De produktie van ethanol steeg enorm: van 0,6 miljard liter in 1976 naar 11 miljard liter in 1985. In dat jaar reed 85 procent van de verkochte auto's op ethanol. Midden jaren tachtig daalde de olieprijs. Benzine werd een stuk goedkoper dan ethanol. Ook vonden de producenten van suikerriet dat ze te weinig betaald kregen. Ze gingen minder produceren, waardoor grote tekorten aan ethanol ontstonden. De overheid voelde zich daarom gedwongen de ethanol-produktie sterk te subsidiëren omdat het hele autopark is toegesneden op ethanol. Overschakeling naar benzine kan niet zomaar, want dan moeten de motoren worden aangepast. Hoe beoordeelt De Vries het Braziliaanse programma? ""Vanuit het energiegebruik bezien is het niet zo gek, vooral door de positieve energiebalans. De andere kant is dat er wel flinke subsidies nodig zijn. Economisch gezien is het alcoholbrandstof-plan onverstandig, tenzij de olieprijzen flink stijgen.""",0,gas,1990s
"Dat zou een advies kunnen opleveren, waarin elektriciteitscentrales worden gebonden aan kolen als brandstof. De prijs van stroom zou daardoor vermoedelijk stijgen. Maar tegenover goedkopere stroom via onder meer olie of gas, staan massa-ontslagen in de mijnbouw en de toeleveringsbedrijven.",2,gas,1990s
"Niet echt. In 1990 reeds tekenden rijk, provincies en de Samenwerkende Elektriciteits-Produktiebedrijven (SEP) een overeenkomst, waarin werd afgesproken dat de uitstoot van zwaveldioxide in 2000 met 90 procent zal zijn verminderd, ten opzichte van 1980. Niet zo moeilijk om datzelfde percentage door te trekken naar 2010, ook al zal naar wordt verondersteld de elektriciteitsproduktie met 2 procent per jaar toenemen. En weliswaar is de nu beoogde terugdringing van stikstofdioxide in 2010 20 procent hoger dan de 60 procent uit de overeenkomst, maar een heilig getal is het niet. Tachtig procent is namelijk wel heel veel, geeft de regering in het elektriciteitsplan zelf ook toe. Er zullen dan ook geen messen worden getrokken wanneer die doelstelling pas een paar jaar later wordt gehaald. De volgende zin in het persbericht. „Daarnaast wordt stabilisatic van de uitstoot van het broeikasgas kooldioxide (CO2) in 2010 ten opzichte van 1990 beoogd, ondanks een verwachte toename van het produktievermogen."" Tjongejonge, denkt de argeloze lezer: niet niks. Ondertussen lijkt deze doelstelling een behoorlijke afzwakking van het geldende regeringsbeleid. Dat gaat uit van een stabilisatie van de COj-uitstoot in zijn totaliteit in 1994 en zelfs een afname van 3 tot 5 procent in 2000. Wordt deze ambitieuze doelstelling dan losgelaten, nu de elektriciteitsproducenten er blijkbaar niet aan hoeven te voldoen? Nee zeker niet, haastte milieuminister Alders te zegeen tijdens een persconferentie. Men moest het als volgt zien: Centraal (met gas of kolen) opgewekte elektriciteit is een zuinige en efficiënte energiebron. Het is dan op zich ook helemaal niet verkeerd als het elektriciteitsgebruik toeneemt, ter vervanging van veelal inefficiënter direct gebruik van gas (bijvoorbeeld centrale verwarmingen en geisers) en olie. De CO;-uitstoot van elektriciteitscentrales neemt daardoor weliswaar toe, maar daartegenover staat een grotere afname bij andere energiebronnen. Alders geeft overigens zelf toe dat er op dit terrein nog tal van onzekerheden zijn. Een van de problemen die de CO 2-doelstellingen in gevaar brengt, is de verwachte economische groei. Hoewel het elektriciteitsplan uitgaat van een energiebesparing van maar liefst 30 procent, weegt die niet op tegen de toename van de economische produktie, waardoor het produktievermogen omhoog moet van 15000 Megawatt naar 18000 Megawatt. Alders heeft ook de cijfers gezien van het Rijks Instituut voor oe Milieuhygiëne, waaruit blijkt dat de uitstoot van CO2 in Nederland bij ongewijzigd beleid na 2000 weer flink toeneemt. Alleen daarom al wil hij invoering van fikse energieheffingen. De animo daarvoor is echter (nog) onvoldoende, zowel in Nederland, als in Europa en de rest van de wereld. Alders zit dus in een moeilijk parket.",2,gas,1990s
Het CE is bij de berekeningen overigens uitgegaan van de lage olieprijzen van de afgelopen jaren en daarmee ook van lage prijzen voor gas en kolen. Bovendien is bij de berekeningen niet uitgegaan van eventuele kosten voor het opvangen van vrijkomende CO2 bij het inzetten van gas of kolen. Het besparen van energie en daarmee de vermindering van de uitstoot van CO2 zou al meer zoden aan de dijk zetten dan het invoeren van kernenergie.,0,gas,1990s
"De Labourpartij en de mijnwerkers willen dat de regering de elektriciteitsbedrijven verplicht om voor hun centrales kolen te gebruiken in plaats van gas. Zij voeren aan dat het onverstandig is om gas te gebruiken voor de opweKking van elektriciteit, omdat de gasvoorraad over enkele decennia op is. De regering daarentegen meent dat de geprivatiseerde elektriciteitsbedrijven zelf mogen uitmaken wat zij in hun centrales stoken.",0,gas,1990s
"Volgens Rietjens zijn de energievoorraden aan olie, gas en kolen 110 keer het huidige wereldenergiegebruik, terwijl kernenergie uit uranium kan zorgen voor negen keer het huidige wereldenergiegebruik. Ondanks de beperkte voorraad uranium pleitte Rietjens voor de bouw van nieuwe kleine kerncentrales. Dit werd overgenomen door ir. N. Ketting, voorzitter van de directie van de Samenwerkende Elektriciteitsproduktiebedrijven. Ketting lanceerde het plan om alle auto's op elektriciteit te laten rijden. Kerncentrales zouden de stroom voor die auto's kunnen leveren.",0,gas,1990s
"Een elektrische auto produceert zelf geen uitlaatgassen, maar de stroom voor de voortbeweging komt uit een centrale. De TUV heeft uitgerekend hoeveel elektriciteit een elektrische auto nodig heeft. De Duitse stroom komt voor twee derde uit kolen en aardgas (fossiele brandstoffen) en voor een derde uit kernenergie.",1,gas,1990s
"watt. Vervolgens zou dan, zonder veel verdere overheidssteun in de vorm van subsidies, de windenergie-branche zoveel wind in de wieken krijgen dat rond de eeuwwisseling zo'n duizend megawatt windvermogen opgesteld kon staan. In dat geval zou Nederland er een stuk vrolijker uitzien, met ruim drieduizend lustig rondwiekende schone stroomopwekkers! In totaal heeft de overheid inmiddels een kleine honderdzeventig miljoen gulden aan subsidies in het IPW gestoken. Honderddertig miljoen als bijdrage in investeringskosten, veertig miljoen in turbine-ontwikkelingskosten. Op elke windturbine die in het kader van het IPW is gaan draaien, zit daardoor minstens vijfenveertig a vijftig procent IPW-subsidie. Een percentage dat in een aantal gevallen zelfs richting zeventig procent gaat: voor turbines die in speciaal aangewezen windrijke regio's neergezet zijn. Aan de vooravond van de vijfde nationale windenergieconferentie, die deze week in Lunteren wordt gehouden, staat vast dat de IPW-doelstellingen niet gehaald zullen worden. Er staat nog lang geen honderdvijftig megawatt windvermogen opgesteld en van het in serie produceren van turbines is nauwelijks sprake. Bovendien is de kostprijs van windstroom dan wel fors gezakt, tot pakweg veertien cent per kilowatt (ongesubsidieerd zou de kostprijs zeker achttien cent bedragen), maar steekt ze toch onveranderd ongunstig af tegen stroom die is opgewekt in bij voorbeeld kolen- en gasgestookte elektriciteitscentrales. Een gevolg van de in 1986 niet voorziene daling van de olieprijs, waaraan de prijs van kolen en gas is gekoppeld en die de marktwaarde van elektriciteit heeft doen kelderen.",1,gas,1990s
"Dat hele verhaal over de aardgasbaten, dat begrijp ik steeds minder. Toch maakte ik het van het begin af aan zelf mee: van de gasvondst in Slochteren aan het einde van de jaren vijftig, tot het laatste idee (het plan van het PvdA-Kamerlid Melkert) om geld te lenen vooruitlopend op te reserveren baten uit extra aardgasexport in de komende jaren. Met dat geld zouden dan nieuwe wegen, bruggen, tunnels en spoorwegen moeten worden gefinancierd; zou de infrastructuur van Nederland Transportland moeten worden verbeterd. En daar begrijp ik niets meer van. Toen het Groninger aardgasveld gevonden werd, steeds groter bleek dan verwacht en daarna bovendien grotendeels in reserve kon blijven door eerst kleinere gasvelden elders te legen, ging de discussie eerst over de nationalisatie van die bodemschat. Dat kon niet, was de uitkomst van het politieke debat. We moesten de grote oliemaatschappijen het werk laten doen, hen hun gigantische winsten niet misgunnen, maar er wel voor zorgen dat meer dan de helft van de opbrengst in 's rijks schatkist belandde. En zo geschiedde. Die aardgasbaten voor het rijk afzonderen en uitsluitend bestemmen voor blijvende zaken, voor bijvoorbeeld het verbeteren van de infrastructuur (en met name in het Noorden), daar kon men niet aan beginnen. Dat bleek uit het volgende debat in de jaren zeventig. Een bescheiden aardgaspotje voor het Noorden kon er wel af. Maar het Noorden werd waarschuwend voorgehouden dat als het al te veel claimde het morele recht op in de Randstad verdiend geld op de tocht zou staan als alle aardgas op was en de structurele werkloosheid in het Noorden toch nog te hoog. Dat aardgaspotje is allang leeg. De opbrengst van de extra toeslag, die grootgebruikers jarenlang zonder morren op de aardgasprijs betaalden omdat zij niet meer, zoals vroeger, zelf behoefden te investeren in opslag van kolen of olie (de Groninger bodem diende als natial nale opslagtank), verdween ook in de schatkist. Die toeslag werd eind zeventig om onduidelijk gebleven redenen stilletjes afgeschaft, nog voor het Noorden er iets van kon claimen. Alle aardgasbaten gingen de schatkist in om te behoren tot de algemene middelen. Zij werden niet gereserveerd of geoormerkt, maar opgesoupeerd. Alleen de opbrengst van extra aardgasexport diende soms als extra aflossing van de vooral in de jaren tachtig steeds verder groeiende staatsschuld. Men sprak dan van extra aardgasbaten. Raar begrip eigenlijk. Alle aardgasbaten waren extra als je van 1960 af rekent. En als je meer exporteert dan geraamd, kun je de opbrengst daarvan wel ""extra"" noemen, maar je kunt ook je raming bijstellen. Dat is slechts een boekhoudkundig probleempje. Nu blijkt het afzonderen van extra aardgasbaten plotseling weer wel te kunnen. Het kabinet wil er een fonds mee vormen voor verbetering van de infrastructuur. Het duurt natuurlijk jaren voor er geld in zo'n fonds zit en daarom wil het Kamerlid Melkert op die fondsvorming vooruitlopen door alvast geld te lenen. In zijn redenering vergroot dat de staatsschuld niet, omdat deze leningen al gedekt worden door dat te vullen fonds. Dat gaat boven mijn pet. Maar als dat afzonderen van gasbaten nu plotseling wel kan (en misschien zelfs het vooruitlopend daarop het lenen van geld ""buiten bezwaar van de staatsschuld""), dan kan er meer. Een slimme boekhouder kan dan ook vroegere extra aflossingen van de staatsschuld met ""extra"" gasbaten in de berekening betrekken. Dan is er in eens geld zat. Een nog slimmere gaat een simpel stapje verder dan Melkert en leent kapitaal, waarvan alleen rente en aflossing worden gedekt door het te vormen gasbatenfonds. Neemt kortom op die extra bruggen en wegen een hypotheek waarvan rente en aflossing al gedekt zijn. Verdient met het extra transport het extra geld voor de extra aflossing van de staatsschuld. En klaar is Kees. Moet kunnen, toch? Waarom kwamen we daar niet eerder op? Of blijven ook aardgasbaten toch alleen maar geld, dat je slechts eenmaal kunt uitgeven: óf voor aflossing van de staatsschuld, óf voor iets anders?",0,gas,1990s
"Artikelen met onderwerpen uit wetenschap en techniek behoren niet tot de meest gelezen stukken in een krant. Vaak krijg je opmerkingen als 'Wel interessant, maar voor mij is het veel te ingewikkeld. En inderdaad schort er veel aan de uitleg van de onderwerpen. Neem bijvoorbeeld artikelen over het broeikaseffect. Onlangs stond er in een krant dat dit werd veroorzaakt door het giftige kooldioxyde'. Kooldioxyde is echter helemaal niet giftig. Wat is namelijk het geval? Als koolstof verbrandt — oxideert, zeggen scheikundigen —, neemt het zuurstof op. Daarbij neemt een atoom koolstof één of twee atomen zuurstof op. In het eerste geval heet de gevormde stof koolstofmonoxyde of koolmonoxyde (CO). 'Mono' betekent 'één', d.w.z. de stof bestaat uit één atoom koolstof en één atoom zuurstof. Verbindt koolstof zich met twee atomen zuurstof, dan heet het koolstofdioxyde of kooldioxyde (CO2). (Di betekent 'twee'). Koolmonoxyde is een giftig gas. Het komt o.a. uit de uitlaat van een auto. Vroeger stierven mensen aan kolendampvergiftiging, doordat de (kolen)kachel door te weinig zuurstof de koolstof verbrandde tot koolmonoxyde. Als een plant zuurstof opneemt, komt er kooldioxyde vrij. Ook bij de verbranding van fossiele brandstoffen ontstaat dit gas. Het geeft echter geen luchtverontreiniging louter omdat het een gas is. Wel zijn er neveneffecten, want bij verbranding ontstaan ook andere, wel schadelijke gassen. Het zou echter te ver voeren in het korte bestek van dit stukje hierop nu in te gaan. Maar nog eens gezegd: te spreken van het 'giftige' kooldioxyde, is misleidend. Nog bonter maakte een andere krant het: daar sprak men van het 'giftige koolDIOXINE'(l). Hopelijk is dat een drukfout....",0,gas,1990s
"UTRECHT — De Stichting Natuur en Milieu vindt het een slechte zaak dat het ministerie van Economische Zaken, minister Andriessen voorop, de discussie over het gebruik van kernenergie weer probeert aan te zwengelen. De discussie daarover is reeds gevoerd en er is inmiddels niets veranderd. Natuur en Milieu wijst er op dat voor kernenergie de maatschappelijke basis ontbreekt: tachtig tot negentig percent van de bevolking is tegen, de vakbeweging en de milieubeweging zijn tegen. Het Nederlands Christelijk Werkgeversverbond (NCW) is het in een reactie volledig met Andriessen eens dat er een nieuwe discussie moet komen over het gebruik van kernenergie. Bovendien moet worden voorkomen dat geschikte vestigingsplaatsen voor kerncentrales in Nederland worden gebruikt voor andere doeleinden, aldus het NCW. Op dit moment wordt elektriciteit voor 92 percent opgewekt door inzet van aardgas en kolen. Dat is een scheve verhouding die rechtgetrokken moet worden, aldus het NCW.",0,gas,1990s
"„De toekomstberekeningen zien er echter somber uit,"" zegt drs. Chris Hendriks van de Utrechtse vakgroep NWS. „Op het ogenblik brengen we per jaar over de hele wereld 6 Gigaton (6 miljard ton) koolstof in de atmosfeer. Dat wordt alleen nog maar meer. Volgens berekeningen van deskundigen kan dit, als we er niets tegen doen, over een eeuw opgelopen zijn tot 20 tot 30 Gigaton per jaar. Dat is een onvoorstelbare hoeveelheid. Men vreest nu al dat de huidige uitstoot van broeikasgassen er voor zal zorgen dat het wereldklimaat uit balans raakt."" Drs. Hendriks vertelde de Vereniging van Wetenschapsjournalisten in Nederland over onderzoek naar het wegvangen en opbergen van CO2 bij de verbranding van aardgas en kolen. Dergelijk onderzoek wordt voornamelijk gedaan in Japan, Nederland, Engeland, Noorwegen, Duitsland en de Verenigde Staten. Met de chemische absorptie is inmiddels al enige ervaring opgedaan. Bij chemische absorptie wordt de CO2 door een vloeistof geleid waaraan het gebonden wordt. Vervolgens wordt de kooldioxyde in zuivere vorm uit de vloeistof gehaald door deze te verwarmen. Dit kost veel energie. Bij kolenvergassing kan CO2 relatief gemakkelijk uit het kolengas worden afgescheiden. Dat betekent dat er minder energie wordt gebruikt. Kooldioxyde verwijdering doet overigens het rendement, de elektriciteitsopbrengst van een centrale dalen. Bovendien is een dergelijk proces voorlopig nog erg duur: het kan oplopen van 30 tot 100 % van de kosten van elektriciteitsopwekking. Net als bijvoorbeeld bij groente-, fruit- en tuinafval komt de vraag naar voren: waar laat je het? Het transport kan onder hoge druk in vloeibare vorm plaatsvinden. CO2 kan dan worden gebruikt als een soort oplosmiddel om bij oliewinning meer olie uit de grond te krijgen. In de Verenigde Staten zijn twee elektriciteitscentrales die voor dat doel kooldioxyde opvangen. Een andere mogelijkheid is het met het afgevangen CO2 opvullen van de aardlagen, waaruit de olie is opgepompt. In Noorwegen wordt erover gedacht om met behulp van gas- en olieboortechnieken gaten te boren om CO2 onder de rotsen op te slaan.",2,gas,1990s
"EGAT-onderdirecteur Preecha Chungwatana zegt, dat verwacht wordt dat Thailands energiebehoefte zal stijgen van de huidige 10.000 MegaWatt naar 26.000 MegaWatt in 2006. „Uitgaande van de snelle uitputting van de binnenlandse voorraden van grondstoffen als bruinkool, gas en kolen, de instabiliteit van de olieprijzen en de natuurlijke grenzen aan de opwekking van energie met waterkracht, is er geen andere mogelijkheid om aan onze energiebehoeften te voldoen"", zo beargumenteert Chungwatana de Thaise kernenergieplannen.",0,gas,1990s
"Dit lijkt nog maar een begin. Het Landbouw-Economisch Instituut verwacht dat het vroegere Oost-Duitsland over ongeveer 15 jaar op het Westduitse consumptieniveau zal zijn beland. Met een uitbreiding van de Nederlandse produktie in de komende 15 jaar kan volgens Mirjam Hendriks een extra afzet van ƒ 1 miljard worden behaald. Door het wegvallen van staatssubsidies op produkten, die daardoor tegen kostprijs konden worden verkocht en het staken van de inkoop door de staat tegen vaste prijzen werd duidelijk dat de Oostduitse bedrijven veel te duur produceerden. Bovendien waren de produktiemethoden sterk verouderd. Zo werd er voor de verwarming van kassen nog bruinkool gestookt in plaats van olie of gas. Volgens Mirjam Hendriks hebben veel voormalige staatsbedrijven de handel en de (te dure) produktie gescheiden om niet failliet te gaan. „Veel staatsbedrijven importeren nu bloemen en planten en leggen de eigen produktie stil."" Zij verwacht dat de bedrijven in de toekomst wel weer in beperkte mate zullen gaan telen, maar niet voordat er veel efficiënter en goedkoper kan worden geproduceerd. Een branche die ook een flinke afzet heeft geboekt in de ex-DDR is de groenten- en fruithandel. Uit cijfers van het Centraal Bureau van Tuinbouwveilingen (CBT) blijkt dat er alleen al in de eerste 10 maanden van 1990 24.000 ton groenten en fruit is geëxporteerd. Ook de export van kaas naar het voormalige Oost- Duitsland verloopt goed. De directeur van Het Nederlands Zuivelbureau in Duitsland, B.C.J. van Schaik, maakte eerder deze week bekend dat er vorig jaar ruim 10.000 ton kaas is geëxporteerd naar de ex-DDR. De totale kaas-export naar Duitsland bedroeg vorig jaar circa 180.000 ton. De Nederlandse boter ondervindt echter geen positieve gevolgen van de Duitse eenwording. In het vroegere West-Duitsland wordt al steeds minder Hollandse boter gegeten (een daling van de export met 20% tot 40.000 ton in 1990), maar vanuit de voormalige DDR is er volgens Van Schaik helemaal geen vraag naar. Ook het Zuivelbureau pakt de zaken voortvarend aan als het gaat om het bewerken van de nieuwe markt. ~Ik ben verbaasd over het betrekkelijke gemak waarmee wij onze produkten aan het voormalige Oost-Duitsland kunnen verkopen"", aldus Van Schaik. Hij wil proberen het verbruik van Nederlandse kaas in de ex-DDR op hetzelfde niveau te brengen als de consumptie in de vroegere Bondsrepubliek, namelijk 3 kilo per hoofd van de bevolking. Zowel het Bloemenburo als het Zuivelbureau geven voormalig Oostduitse bedrijven voorlichting en verzorgen scholing voor werknemers om beter met de produkten te leren omgaan. Daarnaast wordt er ook veel aan promotie gedaan. Een voorbeeld daarvan is het inzetten van het bij de Westduitsers geliefde Nederlandse kaasmeisje, Fr au Antje.",0,gas,1990s
"Het probleem is overzichtelijk. Op dit moment is gas goedkoper dan kolen. De elektriciteitsbedrijven, die niet veel verder kijken dan de winst- en verliesrekening van het volgend jaar, schakelen dus over op Noord/. [aar is dat op Lange termijn het juiste energiebeleid' Over vijftig jaar, als de laatste mijnwerker in Madame Tussaud's wassen-beeldenmuseum is bijgezet, is het gas misschien op. Moet het land met de grootste kolenvoorraden van Europa dan zijn energie uit de Arabische wereld kopen tegen - wellicht - chantageprijzen? Het waren deze vragen waarop Major en Heseltine de afgelopen dagen hei antwoord schuldig bleven, tn plaats daarvan kw.u-en met een handreiknu de verbolgen achterban N maar slechts lo mijnen zullen nu worden gesloten; hel lot van de andere _1 wordt volgend jaar beslecht.",0,gas,1990s
"MAASTRICHT, zaterdag Koninklijke Nederlandse Papierfabrieken OKNP) en het energiebedrijf MEGA Limburg hebben gisteren de contracten getekend voor een project om samen energie op te wekken. Een nieuwe warmtekrachtinstallatie in Maastricht, die ƒ9O miljoen kost, krijgt een elektrisch vermogen van 60 megawatt en zal twee derde van de stroom leveren aan het openbare elektriciteitsnet en een derde aan KNP. De opgewekte warmte, in de vorm van stoom en warm water, gaat geheel naar KNP. Het ministerie van Economische Zaken geeft subsidie voor het project, dat ten opzichte van de nu gebruikelijke manier van energie-opwekking goed is voor een besparing van ongeveer 14 miljoen kubieke meter aardgas en 14.000 ton kolen. De beperking van de uitstoot van het broeikasgas kooldioxyde bedraagt 67.00 C ton. Er wordt vanuit gegaan dat de installatie op 1 januari 1995 in gebruik kan worden genomen. Thomassen Inter national levert de gasturbinegeneratorset, Siemens Neder land de stoomturbine en Stan dard Fasel-Lentjes de afgas senketel.",1,gas,1990s
"Thailands streven naar eigen atoomenergie sluit aan bij een trend in andere Aziatische landen, die geen andere mogelijkheden zien om in hun stijgende energiebehoefte te voorzien. Op dit moment wordt 37 procent van Thailands energie gegenereerd door gas, 30 procent door stookolie, 21 procent door bruinkool en de rest door waterkracht. Functionarissen van het Instituut voor Elektriciteitsvoorziening (EGAT) zeggen dat al deze grondstoffen, behalve bruinkool, tegen het jaar 2000 schaars zullen worden, zodat grote hoeveelheden hydro-elektrische energie en gas uit de buurlanden Laos, Myanmar en Malaysia zal moeten worden geïmporteerd.",1,gas,1990s
"Het doet me ook denken aan de berekeningen die in 1972 zijn gedaan door de Club van Rome. Deze groep internationale geleerden voorspelde dat het einde van de groei in zicht was door een dreigend tekort van vrijwel alle grondstoffen. Zo werd onder meer' voorspeld dat in 1987 geen goud meer op aarde te vinden zou zijn, terwijl de produktie op dit moment groter is dan ooit. Deze voorspellingen gaan noodgedwongen uit van extrapolaties (bestaande patronen worden zonder meer doorgetrokken) en moeten daarom met de nodige voorzichtigheid worden geïnterpreteerd. Niettemin is men ijverig bezig om te proberen de uitstoot van kooldioxide terug te dringen. Kooldioxide komt bij verbranding van fossiele brandstoffen in de lucht en wordt als de grootste veroorzaker van het broeikaseffect gezien. Nu zijn er eigenlijk in feite maar drie fossiele brandstoffen: gas, olie en kolen. In uw schoolboeken scheikunde kunt u terugvinden dat per gelijke hoeveelheid geleverde energie aardgas van de drie bij verbranding naar verhouding het minst kooldioxide uitstoot omdat het een hoog gehalte aan waterstof heeft. Kolen zijn in zekere zin de kwaaie pier. En dat is natuurlijk voor de belegger op lange termijn iets om in het achterhoofd te houden als hij in energiefondsen wil beleggen. Immers als de berekeningen",1,gas,1990s
"Tot slot roemt de nota de energietarieven in ons land, die concurrerend zijn. De Nederlandse energievoorziening is echter sterk gericht op olie en gas. Kolen en kernenergie komen nauwelijks aan bod. Andriessen: , ,Kernenergie kent nauwelijks milieu-aspecten. Geen broeikas-effect, geen verzuring, etcetera, maar wel is er het probleëlm van de veiligheid en het afval. Daar is een studie over gaande.",1,gas,1990s
"Bii het opvoeren van het gebruik van andere energiebronnen denkt Odell onder meer aan aardgas en steenkool. Kernenergie, met name in Nederland, is op korte termijn onmogelijk. België en Frankrijk kunnen de elektriciteitsopwekking door middel van kernenergie wel opvoeren. Nederland zou die elektriciteit via de bestaande internationale koppeling van de elektriciteitsnetten kunnen afnemen.",0,gas,1990s
"daar nog eens een schepje bij op moet doen. Voorlopig valt bij stappen in IEAverband eerder te denken aan bij voorbeeld het aanspreken van strategische voorraden (om tekorten op korte termijn op te vangen), aan energiebesparende maatregelen en aan de omschakeling van olie op gas en kolen door industrie en elektriciteitscentrales. Daarnaast kan het nodig zijn afspraken te maken over een verdeling van de aanvoer van olie, met name ten behoeve van de landen die relatief sterk afhankelijk waren van leveranties vanuit Irak en Kuwayt.",0,gas,1990s
"Van elk van deze zes keuzes werden de voor- en nadelen geschetst en een breed samengestelde klankbordgroep zag er op toe dat zulks redelijk gebeurde. ""Als niet de grootst mogelijke zorgvuldigheid wordt betracht bij het formuleren van het keuzeprobleem, verliest de keuze-enquête al snel haar geloofwaardigheid bij zowel de ondervraagden als bij hen die kennis nemen van de resultaten van de enquête"", stellen de onderzoekers D. van Knippenberg en D.D.L Daamen terecht. Daar deed men dus zijn uiterste best voor, hoewel het bleef gaan om informatie die door ""deskundigen"" het belangrijkst werd gevonden en niet van de zes keuzes kon afwijken. Een representatieve steekproef van bijna duizend Nederlanders kreeg deze zes keuzes met bijbehorende informatie voorgelegd; een even grote, eveneens representatieve steekproef alleen ge keuzes. En wat blijkt? Kernergie wordt door 22,5 percent van de voorgelichten gekozen tegen 16,3 percent van de niet-voorgelichten. De grote meerderheid (in beide enquêtes 72 percent) kiest voor het eerste pakket besparingen, voor aardgas (40,1 en 44 percent), voor kolen met afvangen van kooldioxyde (35,5 en 38 percent) en het tweede pakket besparingen (21,9 en 25,5 percent). '_ -«vo ""Hoewel het verstrekken van informatie over de gevolgen van de verschillende keuzemogelijkheden dus wel van invloed is op keuzes, leidt informatieverstrekking niet tot fundamentele verschuivingen in voorkeuren"", luidt de conclusie dan ook. En de uitkomst wijkt bovendien niet beduidend af van de resultaten van de laatste ""gewone"" opiniepeiling (de Energie-Monitor), zeker niet als rekening wordt gehouden met een betrouwbaarheidsmarge van (plus tot min) vijf percent. Wijkt helemaal niet af als ook de ""betrokkenheid"" van de ondervraagden bij het onderwerp energievoorziening in aanmerking wordt genomen. Sterk bij het probleem betrokken personen kiezen, zo concluderen de onderzoekers, vaker voor besparingen en minder vaak voor kolen, aardgas en kernenergie. De verschillen in keuzes kunnen worden verklaard door het verschil in betrokkenheid; sterk betrokkenen hebben zich al geïnformeerd en de aangedragen informatie bevatte voor hen geen nieuws. Kortom: de bewering dat goed geïnformeerde, rationeel denkende burgers best vóór kern- • energie zijn en zulks in tegenstelling tot de slecht geïnformeerde, emotionele ""massa"", wil ik na dit onderzoeksresultaat nooit meer horen. - ; •",0,gas,1990s
"De PLEM kan de bouw van een tweede waterkrachtcentrale (Borgharen) in elk geval niet alleen betalen. Sterker nog: de centrale in Linne zou op basis van de huidige lage energieprijzen nooit gebouwd zijn. Stroom opwekken met kolen, olie of gas is momenteel veel goedkoper.",2,gas,1990s
"Heseltine betoogde dat er voor volgend jaar nog geen 40 miljoen ton steenkool was verkocht aan de (geprivatiseerde) elektriciteitsbedrijven. Deze hadden, aldus Heseltine, de voorkeur gegeven aan het goedkopere gas. Daarom moest de produktie van steenkool drastisch worden verminderd.",2,gas,1990s
"Volgens Cook is Britse steenkool helemaal niet duur. Hij meent dat die zelfs de goedkoopste in Europa is. De elektriciteitsverbruiker krijgt uiteindelijk de rekening gepresenteerd, want die zal meer moeten betalen voor elektriciteit uit nieuwe, met gas gestookte centrales, aldus Cook.",2,gas,1990s
"Heseline betoogde dat er voor volgend jaar nog geen 40 miljoen ton steenkool was verkocht aan de (geprivatiseerde) elektriciteitsbedrijven. Deze hadden, aldus Heseltine, de voorkeur gegeven aan het goedkopere gas. Daarom moest de produktie van steenkool drastisch worden verminderd.",0,gas,1990s
"Bij verbranding van kolen komen zwaveldioxyde, kooldioxyde en stikstofoxyde vrij, bij aardgas",1,gas,1990s
"Dat blijkt als de kentering begint: Eind jaren vijftig tekent zich een kolencrisis af. Aardolie is goedkoper en uit de Verenigde Staten kan goedkoper steenkool worden ingevoerd, terwijl in Groningen een enorme bel aardgas wordt ontdekt. Uit Den Haag krijgen de mijnen nauwelijks steun om stand te houden tegen al die bedreigingen. De directie van de Staatsmijnen begint al in 1959 in te zien dat er geen vrolijke toekomst voor de kolenwinning is weggelegd en gaat voorzichtig over produktiebeperkingen praten in Den Haag.",0,gas,1990s
"Er wordt in Finland veel onderzoek gedaan naar deze vorm van verwarming. Dit in tegenstelling tot Nederland. Tigchelaar hierover: „In Nederland weigert de regering onderzoek te laten doen naar het gebruik van tegelkachels. Er worden miljoenen gestopt in onderzoeken naar het (zuiniger) tebruik van gas, olie, kolen en ernenergie. Hierbij wordt het houtstoken geheel overgeslagen."" Het Natuurkundig Laboratorium in Den Haag is de enige instantie die tegelkachels onderzoekt op milieueffecten. Het laboratorium kan vervolgens een milieukeuring aan de tegelkachels toekennen.",1,gas,1990s
"Bij het opvoeren van het gebruik van andere energiebronnen denkt Odell onder meer aan aardgas en steenkool. Kernenergie, met name in Nederland, is op korte termijn onmogelijk. België en Frankrijk kunnen de elektriciteitsopwekking door middel van kernenergie wel opvoeren. Nederland zou die elektriciteit via de bestaande internationale koppeling van de elektriciteitsnetten kunnen afnemen.",2,gas,1990s
"Van een onzer redacteuren MAASTRICHT, woensdag Voor elke nieuwe energiemaatregel die de overheid overweegt, moet een uitgebreide energie- en economieeffectrapportage worden gemaakt. Daaruit moet blijken of en in welke mate deze bij de internationale ontwikkelingen aansluit, technisch en economisch uitvoerbaar én consistent is met het gevoerde beleid. Dat betoogde mr. M.C.G. Hartmann, directeur van de Vereniging Krachtwerktuigen, gisteren op de eerste dag van het congres 'Energy Economy' in Maastricht. Dit congres staat in het teken van het Europese energiebeleid en de Nederlandse doelstellingen voor reductie van de CO2-uitstoot. „Voor een open economie als die van Nederland is afstemming van de energie- en milieumaatregelen op internationaal niveau absoluut noodzakelijk. Binnen de EG maar liever nog binnen de Organisatie voor Economische Samenwerking en Ontwikkeling (OESO). Een internationale aanpak van de problemen is uiteindelijk beter voor het milieu en heeft minder nadelen voor het functioneren van de markt"", aldus Hartmann. Hij liet zich verder kritisch uit over het kabinetsbeleid ten aanzien van diversificatie van het brandstof pakket. „De bedoeling was in het jaar 2000 een verdeling van 40% kolen, 40% gas en 20% kernenergie. Maar een politieke discussie is in ons land na de ramp in Tsjernobyl nog steeds taboe. Men blijft zich zelfs zorgen maken over geavanceerde kernenergie, terwijl geen afweging wordt gemaakt tussen het broeikaseffect en de risico's van kernenergie.",1,gas,1990s
"Na het ongeluk met de kerncentrale te Tsjernobyl. nu vijfjaar geleden, is de weerstand tegen kernenergie in de Sovjet-Unie enorm toegenomen. Volgens Jury Semjonov. minister van Energieën Elcktficitcil vt»de Sovjet- Unie, zijn de afgelopen vijf jaar slechts vijf van de geplande dertig kerncentrales voltooid. Enkele oudere kerncentrales zijn stilgelegd. De bouw van vijftien kerncentrales is gestopt en twintig geplande kerncentrales komen er niet. Maar sinds Tsjernobyl en de opkomst van de glasnost (openheid), staat de bevolking volgens Semjonov niet alleen vijandig tegen kernenergie, maar tegen bijna alle vormen van energieopwekking. Er is ook verzet tegen waterkracht en tegen de bouw van kolencentrales. De verwachte stijging van het energiegebruik zal hoofdzakelijk door de produktie van meer aardgas worden opgevangen. De belangrijkste energiebronnen voor de Sovjet-Unie zijn olie en gas, die elk goed zijn voor eenderde van het totale energiegebruik, gevolgd door kolen met 20 procent. Waterkracht levert 8 en kernenergie 6 procent van de benodigde energie. In vergelijking met Nederland kent de Sovjet-Unie een laag aandeel in het energiegebruik door de huishoudens en het openbaar vervoer. Het energiegebruik in de bouw en de industrie daarentegen is hoger. Dit komt door de nadruk die de zware industrie sinds de Russische Revolutie van zeventig jaar geleden heeft gekregen. Volgens professor E. Shpilrain van het Instituut voor Hoge Temperaturen in de Sovjet-Unie. is de zware industrie nu eenmaal energie-intensief. Dit is de verklaring voor het feit dat er in de Sovjet-Unie voor iedere gulden aan geproduceerde goederen twee keer zoveel energie nodig is als in West-Europa, stelt Shpilrain Ook wat betreft het elektriciteitsgebruik nemen de bouw en de industrie het grootste deel voor hun rekening, namelijk 52 procent van het totale stroomgebruik. Het aandeel van huishoudens is gering. Indien de bevolking van de Sovjet-Unie eenzelfde hoeveelheid elektrische apparaten in huis zal krijgen als in Nederland normaal is, zal dit een toename van het elektriciteitsgebruik met zich meebrengen. Nieuwe centrales zijn nodig. De bestaande situatie in de clektriciteitssektor is verre van rooskleurig, zegt Shpilrain. Van de centrales die op fossiele brandstoffen draaien, is een kwart zo oud. dat ze aan vervanging toe zijn en beter stilgelegd kunnen worden. Gepland was om veel kerncentrales te bouwen, maar dat gaat niet meer door vanwege het ongeluk met de kerncentrale te Tsjernobyl. De Sovjet-Unie kan in beginsel over zeer veel stroom uit waterkracht beschikken: twintig keer van wat nu wordt opgewekt. In dc jaren vijftig en zestig heeft men een groot aantal waterkrachtcentrales gebouwd in rivieren, die door uitgestrekte vlakken stromen. Door de dammen van de waterkrachtcentrales kwamen grote stukken land onder water te staan. IX bevolking mocht daar met tegen protesteren. Maar nu komende protesten k» en heeft dc publiek opinie zich ook tegen dit soort centrales gekeerd. Voor de toekomstige energievoorziening heeft de Sovjet-Unie twee scenario's gemaakt Daarbi| wordt verondersteld dat men evenveel olie en kolen zal bijven gebruiken als in 1990. Stijging van het energiegebruik wordt opgevangen door meer aardgas in te zetten. Maar dan is er nog een gat In het ene scenario neemt het gebruik van waterkracht toe mei 400 procent en is bovendien veel zonne en windenergie nodig. In het tweede scenario *> uit kernenergie het gal op In heule gevallen kan echter op veel maatschappelijke weerstand gerekend worden lil RMAN DAMVI I D",0,gas,1990s
"STAVOREN/ANTWERPEN (GPD) - De firma Hubert Watersystems BV in Stavoren bouwt aan een waterturbine, die een revolutie in de energiewinning kan betekenen. Oud-scheepsmakelaar Louis Worms heeft de turbine ontwikkeld. Die garandeert zon hoge opbrengst tegen een zo lage kostprijs, dat volgens de ontwerper de discussie over windenergie definitief kan worden gesloten. De hydroturbine wordt gemaakt van roestvrij staal en kunststof. Een prototype van de Wormsturbine wordt nog dit jaar in de Oosterschelde geplaatst. De proefopstelling staat onder auspiciën van het ministerie van economische zaken. Rijkswaterstaat en de Provinciale Zeeuwse Energie Maatschappij, die de energie zal afnemen. De door de Wormsturbine geleverde energie kost 4 cent per kilo Wattuur (kWu). Dat is de helft van de kostprijs van kernenergie en een derde van die van door kolen of gas opgewekte energie. Windenergie kost tussen de 30 en 50 cent en zonne-energie is nog veel duurder.",0,gas,1990s
"Dit heeft de energie-deskundige prof dr. P. Odell, directeur van net Centrum voor Internationaal Energie Onderzoek van de Erasmus Universiteit Rotterdam, gisteren gezegd. De mogelijkheden om in ons land op grote schaal over te schakelen van olie op andere brandstoffen zijn niet erg groot meer. omdat het gebruik van olievervangers als aardgas en steenkool al zeer aanzienlijk is. zo liet directeur-generaal energie van economische zaken Dessens donderdagavond na terugkeer van de lEA-vergadering in Parijs i De Westerse industrielanden bevelen zon overschakeling wel aan.",2,gas,1990s
"Sinds pre-industriële tijd tot 1986 is de hoeveelheid koolstof in de atmosfeer toegenomen met 156 miljard ton. Eenzelfde hoeveelheid wordt door planten via fotosynthese in slechts zestien maanden in weefsel vastgelegd. Ook dat geeft aan hoe betrekkelijk die hoeveelheid is. Toch sluit deze koolstofbalans niet uit, dat een betrekkelijk kleine hoeveelheid extra koolstof in de atmosfeer in de laatste helft van de volgende eeuw kan leiden tot een verhoging van de gemiddelde temperatuur op aarde met 1,5 tot 5,5 graden Celsius. De voorspellingen blijven weinig exact, omdat over vele aardse systemen veel te weinig bekend is. Zo wordt geschat dat de oppervlaktelagen van de oceanen 725 miljard ton koolstof bevatten. Maar gedetailleerde informatie over de uitwisseling van koolstof tussen de oppervlaktelagen en de diepere oceaan (bij voorbeeld door het zinken van afgestorven planten en door het opwellen van koolstofrijk water uit de diepzee) ontbreekt. Evenals kennis van de invloed van een stijging van de watertemperatuur op de groei van plantaardig leven in zee. Als voorbeeld kan ook het grasland dienen. Grasland (gecultiveerd en wild) bindt een grote hoeveelheid koolstof aan de bovenste aardlagen. Dat gebeurt zowel in het bovengrondse deel van de plant als in het wortelstelsel en de uitscheiding daarvan, die bacteriën, microben, insecten en wormen tot voedsel dient. Het gaat naar schatting in totaal om 1515 miljard ton koolstof. Hoeveel daarvan in de atmosfeer vrijkomt als grasland wordt vernietigd, valt niet te berekenen. Maar het zou wel eens aanzienlijk meer kunnen zijn dan door verbranding van fossiele brandstoffen in de atmosfeer terecht komt. In dat geval zijn maatregelen ter bescherming van dit grasland mogelijk belangrijker dan de terugdringing van de uitstoot aan kooldioxyde door de verbranding van fossiele brandstoffen. Kees Wiese",1,gas,1990s
"Volgens de Italiaanse milieucommissaris maakt de belasting onderdeel uit van de EG-plannen om het zogenoemde broeikaseffect tegen te gaan en burgers en bedrijfsleven aan te sporen tot zuiniger energieverbruik. De Gemeenschap heeft zich ten doel gestelóNe uitstoot van kooldioxyde(Co2), het belangrijkste broeikasgas, in het jaar 2000 te stabiliseren tot het niveau van 1990. De Commissie wil daarom vanaf 1993 een extra heffing van drie dollar per vat olie (van 159 liter) die daarna jaarlijks tot het jaar 2000 met één dollar wordt verhoogd. Ook andere energiebronnen vallen onder de heffing, die in hoogte varieert afhankelijk van de energie-inhoud van de dragers en het koolstofgehalte. Voor steenkool, als de meest vervuilende bron van energie, komt de heffing volgens Ripa di Meana uit op veertien dollar per vat olie- equivalent en voor kernenergie op vijf dollar. Hernieuwbare energiebronnen, zoals windenergie, blijven onbelast. Elektrische centrales worden zo aangemoedigd aardgas in plaats van kolen te gebruiken. De belasting is niet bedoeld om de EG-kas te spekken maar zal door de nationale regeringen worden geïnd.",2,gas,1990s
"De sloop van het dorp begon met de kleuterschool en de lagere school. Dat dwong gezinnen met kinderen om te verhuizen. Tandenknarsend gingen de eersten akkoord met de uitkooppremie en de aangeboden vervangende woonruimte, vaak een flat zonder groentetuin, zonder varken en bovendien zo klein dat inwonende grootouders plotseling moesten gaan omzien naar hun eigen woninkje. 'Bedrog1, noemt Brihacek de uitkoopprijs. Er werd een waardeschatting van de huizen gemaakt. Vervolgens werd voor ieder jaar dat ze oud waren, een procent van de prijs afgetrokken. De meeste huizen in Libkovice zijn meer dan honderd jaar oud, dus kregen de meeste mensen niet meer dan dan het vastgestelde minimum: 20 procent van de werkelijke verkoopwaarde. De lege huizen werden geleidelijk gesloopt, ondanks petities en protesten van de dorpsbewoners en ondanks een belofte van minister van industrie Vladimir Dlouhy in het voorjaar van 1993 dat er geen huis meer tegen de vlakte zou gaan. Voor Brihacek was 13 oktober 1993 een zwarte dag: ""Om half een 's middags werd het dorp plotseling afgesloten door mannen met honden, die bleken te werken voor een particuliere bewakingsdienst. Ze lieten niemand meer in of uit. De telefoon was afgesloten en toen ik op de fiets probeerde weg te komen, werd ik tegengehouden. Ze hebben toen in een keer 29 huizen gesloopt en meteen de waterleiding en de elektriciteit vernield."" Die voorzieningen zijn later wel weer aangesloten, maar dat heeft weken geduurd. Sindsdien hebben de slopers niets meer van zich laten horen. Maar Brihacek heeft zijn vrouw en kinderen maar elders ondergebracht, net als zijn meubilair. Je weet maar nooit. Hij is naar eigen zeggen al vaak genoeg bedreigd door de kolenmafia. Ook Petr Pakosta, milieuactivist van het Groene Huis in het nabijgelegen Litvinov, kent de macht van de kolenlobby uit eigen ervaring. Tot enkele maanden geleden was hij chef van de milieubeschermingsdienst van de gemeente Most. Tot hij in conflict kwam met de plaatselijke machthebbers, die allemaal op een of andere manier verstrengeld zijn met het kolenbedrijf. Zo is de directeur van het 'Hercultiverings- en Opbouwbedrijf Most' dat Libkovice heeft gesloopt, een voormalige onderdirecteur van het mijnbouwbedrijf. Verder is hij voormalig lid van de Communistische Partij en zit hij tegenwoordig in de gemeenteraad van Most voor de door hemzelf opgerichte Groene Partij. Ook de privé-bewakingsdienst die Libkovice op 13 oktober 1993 afgrendelde, wordt door een ex-mijnbouwdirecteur gerund. Volgens Pakosta is er sprake van een intensieve belangenverstrengeling tussen politiek en bedrijfsleven die de aanpak van de problemen in dit deel van Tsjechië heel moeilijk maakt. En dan gaat het niet alleen om de afbraak van dorpen en landschap. Dankzij tien kolencentrales en drie chemische fabrieken geniet Noord-Bohemen de twijfelachtige reputatie het meest vervuilde deel van de Tsjechische republiek te zijn. Mensen gaan er gemiddeld acht jaar eerder dood dan elders in het land. De politici in Praag hebben volgens Pakosta nauwelijks invloed op de industriële lobby van Noord-Bohemen en zo kan het gebeuren dat er nieuwe wetten worden gemaakt om de luchtvervuiling van de bruinkoolcentrales aan te pakken, terwijl er in werkelijkheid nauwelijks wat aan de situatie verandert. Als je het aan Pakosta's opvolger Jiri Charamza bij de Milieubeschermingsdienst in Most vraagt, vertelt die vol enthousiasme over de nieuwe wetten die hem ter beschikking staan. Belangrijk noemt hij de wet die het mogelijk maakt vervuilende bedrijven een boete op te leggen. Maar op de vraag hoeveel bedrijven zo'n boete hebben gekregen en om hoeveel geld het dan wel ging, reageert hij wat afhoudend. Pas na wat aandringen komt het antwoord. In het totaal zijn er drie ondernemingen beboet, en die hebben respectievelijk boetes van 10000, 30000 en 10000 krengen (670, 2000 en 6700 guldem betaald. En zelfs een boete van 10000 kronen is zo moeilijk te innen en stuit op zulk heftig verzet van de bedrijven, dat zijn dienst zich maar zelden aan een dergelijke strafmaatregel waagt. Dat de lucht in Most en omgeving desondanks de laatste twee jaar wat schoner is dan vroeger, is niet te danken aan het plaatselijke bedrijfsleven. Dat komt doordat het overgrote deel van de particuliere huishoudens voor zijn verwarming inmiddels van kool op aardgas is overgeschakeld. Tachtig procent van de gezinnen heeft gebruik gemaakt van de subsidie van 15000 kronen (1000 gulden) die de regering voor dat doel ter beschikking heeft gesteld. In de grote bedrijven heeft het milieubeleid tot nu toe nauwelijks succes gehad, geeft Charamza schoorvoetend toe. De kolenwinning in Noord- Bohemen is goedkoop en levert goedkope energie. Dat is het argument van de kolenlobby om op de oude voet door te gaan. Maar de kool is helemaal niet zo goedkoop, meent milieuactivist Pakosta. ""Als je alle kosten echt zou meerekenen, de kosten van het slopen van dorpen en het weer opbouwen elders, de kosten van de luchtvervuiling, van de reconstructie van het landschap, kosten kolen veel geld."" ""Vroeger, voor het communisme, werden in deze regio kolen gewonnen in schachtmijnbouw. Dat kan, en dat hebben wij als alternatief aangedragen. Dat is in ieder geval minder verwoestend. Daarnaast wordt het de hoogste tijd eindelijk naar andere energiebronnen om te kijken.""",2,gas,1990s
"In totaal onderzocht de inspectie 16 Gelderse steenfabrieken. Bij 14 is het hoofdprodukt metselsteen. Bij de andere twee bedrijven straatsteen. De hoofdbrandstof bij 13 bedrijven is gas. Twee fabrieken stoken met kolen en één met olie. Gebleken is, dat de fabrieken in de meeste gevallen niet of slechts incidenteel door de gemeenten worden gecontroleerd. In slechts drie gevallen was sprake van een redelijk toereikende hinderwetvergunning. Steenfabrieken dragen in belangrijke mate bj aan de uitstoot van fluor in Nederland. De uitstoot van die fabrieken is 600 ton fluor per jaar op een totaal van 1300 ton. De Gelderse steenfabrieken zijn naar schatting verantwoordelijk voor een uitstoot van 400 ton op jaarbasis.",0,gas,1990s
De bedrijven van de SEP wekken de stroom voor 44 procent op met behulp van kolen. Het aandeel aardgas staat op 51 procent De twee kerncentrales leveren 3 Ïirocent. Op dit moment is Nederand bijna de goedkoopste leverancier van stroom. Door het gebruik van fossiele brandstoffen zijn wij echter zeer kwetsbaar voor milieuheffingen.,1,gas,1990s
"heeft de ervaring met Polen geleerd. In de jaren zeventig vielen de kredietverschaffers als het ware over elkaar heen om geld naar Warschau te brengen. Maar het enige resultaat is geweest dat het noodzakelijke saneringsproces werd uitgesteld en dat het geïnvesteerde geld in feite als verloren kan worden beschouwd. Niettemin zijn Duitsland en Frankrijk voor steun. De Duitsers omdat ze op die manier de medewerking van de Sovjet-Unie willen kopen voor een snelle Duitse hereniging. De Fransen, omdat ze denken dat daarmee de ontbinding van het Sovjet-imperium over een langere periode kan worden uitgesmeerd. Zij zien economische steun als de prijs die er moet worden betaald om een plotselinge ineenstorting — met alle veiligheidsrisico's van dien — te voorkomen. De EG-Commissie heeft nu opdracht gekregen contact met Moskou op te nemen en voorstellen uit te werken. Nagegaan zal worden in hoeverre daarbij de gedachten, die premier Lubbers op de EG-top in Dublin ontvouwde, een rol kunnen spelen. Lubbers kwam namelijk met het voorstel om een Europese Energie Gemeenschap op te richten. Alle Europese landen — in Oost zowel als West — zouden daarvan lid moeten worden. Zijn bedoeling is om tot een pan-Europees energiebeleid te komen, waarbij het Westen geld, vakmanschap en technologie ter beschikking stelt om onder meer 'moeilijke' olie- en gasvoorkomens in de Sovjet-Unie tot ontwikkeling te brengen. Net zoals de Europese Kolen en Staalgemeenschap destijds een stap op weg was naar wat nu de Europese Gemeenschap heet, zou een Europese Energie Gemeenschap kunnen leiden tot pan-Europese samenwerking op tal van andere terreinen, economisch zowel als politiek. Een prima voorstel. Niet alleen zou met een dergelijke gemeenschap de Europese afhankelijkheid van het Midden-Oosten, voor wat betreft de energievoorziening, verminderen, maar Moskou krijgt daardoor ook weer uitzicht op broodnodige inkomsten in harde valuta. Bovendien kan de Sovjet- Unie in het kader van een dergelijke — zich uitbreidende — samenwerking gemakkelijker dan nu worden geholpen bij een ordelijke overgang naar een markteconomie. En tenslotte is er het veiligheidsaspect. Zoals de Westeuropese economische samenwerking de historische vijandschap tussen Frankrijk en Duitsland beëindigde, zo zal een pan-Europese economische integratie het wantrouwen tussen Oost en West kunnen wegnemen. Al met al verdient Lubbers' voorstel daarom serieuze aandacht. Het zou namelijk het fundament kunnen worden van het Europese Huis, waar Sovjet-president Gorbatsjov het altijd over heeft. A.G. Brouwer",0,gas,1990s
"doende informatie te bevatten om te kunnen beoordelen of we in dit land moeten doorgaan met kernenergie. Maar volgens Nijpels c.s. geeft het geen begin van een antwoord op de vragen die daarbij komen kijken. Bovendien gaat het er ten onrechte van uit dat we niet buiten kernenergie kunnen en schetst het een veel te rooskleurig beeld van de nadelen van kernenergie. Aldus Nijpels. De teneur van Andriessens Dossier is: Kernenergie is fantastisch, alleen jammer dat de bevolking dat niet inziet. Aan dat probleem wijdt het Dossier dan ook een afzonderlijk hoofdstuk onder de titel: Maatschappelijk draagvlak. Daarin wordt uit de doeken gedaan hoe kortzichtig het is van het volk om geen kernenergie te willen, maar wel windenergie. Als de mensen niet zo slecht geïnformeerd waren zouden ze wel beter weten. Ik citeer letterlijk: 'Zo heeft windenergie op dit moment het imago zeer milieu-vriendelijk te zijn, terwijl toch de aanleg van windenergieparken op lokaal niveau steeds meer op inpassingsproblemen stuit. De werkelijkheid is dan ook, dat aan elke optie voor de opwekking van elektriciteit problemen van uiteenlopende aard verbonden zijn. Niet alleen wanneer het om kernenergie, kolen of aardgas gaat, maar ook bij zon, wind en water'. 't Is niet te geloven dat zo'n redenering uit de koker van serieuze mensen komt. Je moet wel een verblinde fanaat zijn om de nadelen van windmolens op één lijn te stellen met die van kerncentrales. Vechten tegen windmolens, heet zoiets. Helaas heeft die constatering niets geruststellends, want het is wel een minister die dat gevecht levert. Hij wil ons nu zelfs bewerken, zo lezen we in het Dossier, met een 'Energie Keuze Enquête', die zo voorgebakken is met suggestieve informatie, dat ons oordeel wel in het voordeel van kernenergie móet uitvallen. De Leidse universiteit ontwikkelt deze enquête en ECN, het Energie Centrum Nederland in Petten, erkend kampioen van kernenergie, levert de informatie aan. Een fijne enquête wordt dat. Nijpels ziet niets in dit plan. Hij schrijft: 'De publieke opinie wordt niet alleen bepaald door informatie, maar ook op grond van het beeld dat men heeft van de betrouwbaarheid en de geloofwaardigheid van de betrokken instanties'. In minder diplomatieke bewoordingen staat hier: alles wat Andriessen, zijn ministerie of het ECN te berde brengen over kernenergie is op voorhand besmet en die enquête is dus zinloos. Maar deze waarschuwing komt te laat; de enquête is al onderweg. Dat getob met die kernenergie is overigens uiterst curieus. Het lijkt wel of de minister en zijn voorgangers dit onderwerp aangrijpen als experiment om nieuwe inhoud te geven aan onze democratie. Eerst organiseerden ze een Brede Maatschappelijke Discussie. Toen daaruit bleek, dat de bevolking niets van kernenergie wilde weten, stelden ze de Energiemonitor in een periodieke enquête naar de publieke opinie over kernenergie. Helaas bleef het volk volharden in zijn dwarsliggerij. En nu moet een andere enquête met nieuwe keuzevragen soelaas bieden. En zo gaan ze net zo lang door tot ze de toverformule hebben gevonden, waarbij het NEE van de bevolking er in de vorm van JA uitkomt. En waarom zouden ze ook niet? Ze hoeven het immers niet uit eigen zak te betalen, het klootjesvolk dokt er toch zelf voor? 't Is alleen jammer voor ze dat er nog verkiezingen zijn, waarbij de mensen kunnen laten merken dat ze net zo weinig boodschap hebben aan arrogante regenten als de arrogante regenten aan hen.",1,gas,1990s
